{
  "hostile": [
    {
      "id": 1747844345681,
      "UserName": "דני",
      "UserTeam": "0525202623",
      "UserTEARIM": "תל אביב",
      "UserPosition": "אין",
      "UserFace": "",
      "submissionDate": "2025-05-21T16:19:05.681Z"
    },
    {
      "id": 1747844354488,
      "UserName": "יאיר",
      "UserTeam": "0525202623",
      "UserTEARIM": "תל אביב",
      "UserPosition": "אין",
      "UserFace": "",
      "submissionDate": "2025-05-21T16:19:14.488Z"
    },
    {
      "id": 1747844444159,
      "UserName": "יאיר",
      "UserTeam": "0525202623",
      "UserTEARIM": "תל אביב",
      "UserPosition": "אין",
      "UserFace": "",
      "submissionDate": "2025-05-21T16:20:44.159Z"
    },
    {
      "id": 1747845461674,
      "UserName": "שמוליק",
      "UserTeam": "0525202623",
      "UserTEARIM": "תל אביב",
      "UserPosition": "אין",
      "UserFace": "",
      "submissionDate": "2025-05-21T16:37:41.674Z"
    }
  ]
}